{
    "anchor_vid": 4,
    "obs": {
        "4": {
            "img_path": "004.png"
        },
        "0": {
            "img_path": "000.png",
            "pw_init_sph": [
                -0.05390062928199768,
                1.662751317024231,
                0.08868483453989029
            ],
            "init_sph": [
                -0.05390062928199768,
                1.662751317024231,
                0.08868483453989029
            ],
            "rel_sph": [
                -0.2092258557677269,
                1.6874517500400543,
                0.08981513306498527
            ]
        }
    }
}