{
    "anchor_vid": 4,
    "obs": {
        "4": {
            "img_path": "004.png",
            "tri_init_sph": null,
            "pw_init_sph": null,
            "elev": 0.9948376736367679
        },
        "0": {
            "img_path": "000.png",
            "rel_sph": [
                0.011817555036395788,
                1.577390968799591,
                0.0748604342341423
            ],
            "tri_init_sph": [
                -0.02136722393333912,
                1.5307461023330688,
                0.057447414845228195
            ],
            "pw_init_sph": [
                -0.02136722393333912,
                1.5307461023330688,
                0.057447414845228195
            ],
            "elev": 0.9075712110370514
        }
    }
}