{
    "anchor_vid": "000",
    "obs": {
        "000": {
            "tri_ep_sph": null,
            "pw_ep_sph": null,
            "elev": 1.4835298641951802
        },
        "001": {
            "rel_sph": [
                0.2605540990829468,
                2.7611488103866577,
                0.15736494287848474
            ],
            "tri_ep_sph": [
                0.12028198689222336,
                2.6774446964263916,
                0.0949159562587738
            ],
            "pw_ep_sph": [
                0.12028198689222336,
                2.6774446964263916,
                0.0949159562587738
            ],
            "elev": 1.5882496193148399
        }
    }
}