{
    "anchor_vid": "004",
    "obs": {
        "004": {
            "tri_ep_sph": null,
            "pw_ep_sph": null,
            "elev": 1.117010721276371
        },
        "000": {
            "rel_sph": [
                -0.09185846596956253,
                1.6412688791751862,
                -0.20512837171554565
            ],
            "tri_ep_sph": [
                -0.16573165357112885,
                1.7103493213653564,
                -0.286358118057251
            ],
            "pw_ep_sph": [
                -0.16573165357112885,
                1.7103493213653564,
                -0.286358118057251
            ],
            "elev": 0.9599310885968813
        }
    }
}