{
    "anchor_vid": 94,
    "obs": {
        "94": {
            "img_path": "094.png",
            "tri_init_sph": null,
            "pw_init_sph": null,
            "elev": 1.2915436464758039,
            "sph": [
                1.3273101973709043,
                -0.03235911082949559,
                4.031128915750373
            ]
        },
        "15": {
            "img_path": "015.png",
            "rel_sph": [
                -0.10279870890080929,
                1.1504310548305512,
                -0.12075605764985084
            ],
            "tri_init_sph": [
                -0.11241376399993896,
                1.1514828205108643,
                -0.21286411583423615
            ],
            "pw_init_sph": [
                -0.13938242197036743,
                1.050621509552002,
                -0.06688395142555237
            ],
            "elev": 1.2566370614359172,
            "gt_rel_sph": [
                -0.03595717843510027,
                1.19406224284871,
                3.7830507615410625e-08
            ]
        },
        "25": {
            "img_path": "025.png",
            "rel_sph": [
                -0.11178258322179317,
                5.368904948234558,
                -0.1294420652091503
            ],
            "tri_init_sph": [
                -0.024912089109420776,
                5.300256252288818,
                -0.14414717257022858
            ],
            "pw_init_sph": [
                -0.024912089109420776,
                5.300256252288818,
                -0.14414717257022858
            ],
            "elev": 1.2217304763960306,
            "gt_rel_sph": [
                -0.034329329151680854,
                5.215647758435548,
                -1.0827986329786654e-07
            ]
        },
        "99": {
            "img_path": "099.png",
            "rel_sph": [
                -0.14559518694877624,
                3.038575804233551,
                -0.048966581095010044
            ],
            "tri_init_sph": [
                -0.2292916476726532,
                3.2360622882843018,
                -0.1213405653834343
            ],
            "pw_init_sph": [
                -0.33716556429862976,
                4.575836658477783,
                -0.040208544582128525
            ],
            "elev": 1.0297442586766545,
            "gt_rel_sph": [
                -0.05411368046575671,
                3.0314803740435954,
                2.636951279555433e-08
            ]
        }
    }
}