{
    "anchor_vid": 94,
    "obs": {
        "94": {
            "img_path": "094.png",
            "sph": [
                1.3273101973709043,
                -0.03235911082949559,
                4.031128915750373
            ]
        },
        "15": {
            "img_path": "015.png",
            "pw_init_sph": [
                0.006955620367079973,
                0.9847415685653687,
                0.005273238755762577
            ],
            "init_sph": [
                0.006955620367079973,
                0.9847415685653687,
                0.005273238755762577
            ],
            "rel_sph": [
                0.010768404277041555,
                1.1224595308303833,
                0.008156001823954285
            ],
            "gt_rel_sph": [
                -0.03595717843510027,
                1.19406224284871,
                3.7830507615410625e-08
            ]
        },
        "25": {
            "img_path": "025.png",
            "pw_init_sph": [
                0.044897351413965225,
                5.222696781158447,
                0.08763830363750458
            ],
            "init_sph": [
                0.044897351413965225,
                5.222696781158447,
                0.08763830363750458
            ],
            "rel_sph": [
                0.003970953600946814,
                5.245097732543945,
                0.008744095731526614
            ],
            "gt_rel_sph": [
                -0.034329329151680854,
                5.215647758435548,
                -1.0827986329786654e-07
            ]
        },
        "99": {
            "img_path": "099.png",
            "pw_init_sph": [
                -0.026356425136327744,
                3.0461390018463135,
                -0.05410408228635788
            ],
            "init_sph": [
                -0.026356425136327744,
                3.0461390018463135,
                -0.05410408228635788
            ],
            "rel_sph": [
                -0.05930883269757033,
                3.0003320455551146,
                -0.02326709181070328
            ],
            "gt_rel_sph": [
                -0.05411368046575671,
                3.0314803740435954,
                2.636951279555433e-08
            ]
        }
    }
}