{
    "anchor_vid": 0,
    "obs": {
        "0": {
            "img_path": "000.png",
            "tri_init_sph": null,
            "pw_init_sph": null,
            "elev": 1.413716694115407
        },
        "1": {
            "img_path": "001.png",
            "rel_sph": [
                -0.3359850853681564,
                2.9199377417564394,
                0.1453299917280674
            ],
            "tri_init_sph": [
                -0.1886245757341385,
                2.7684571743011475,
                0.18935148417949677
            ],
            "pw_init_sph": [
                -0.1886245757341385,
                2.7684571743011475,
                0.18935148417949677
            ],
            "elev": 1.239183768915974
        }
    }
}