{
    "anchor_vid": 2,
    "obs": {
        "2": {
            "img_path": "002.png",
            "tri_init_sph": null,
            "pw_init_sph": null,
            "elev": 1.4486232791552935
        },
        "4": {
            "img_path": "004.png",
            "rel_sph": [
                -0.0715658687055111,
                2.797629725933075,
                0.11504085920751095
            ],
            "tri_init_sph": [
                -0.056573301553726196,
                2.806271553039551,
                0.10173822194337845
            ],
            "pw_init_sph": [
                -0.056573301553726196,
                2.806271553039551,
                0.10173822194337845
            ],
            "elev": 1.3264502315156905
        }
    }
}