{
    "anchor_vid": 2,
    "obs": {
        "2": {
            "img_path": "002.png"
        },
        "4": {
            "img_path": "004.png",
            "pw_init_sph": [
                -0.11119366437196732,
                2.3538317680358887,
                -0.050064295530319214
            ],
            "init_sph": [
                -0.11119366437196732,
                2.3538317680358887,
                -0.050064295530319214
            ],
            "rel_sph": [
                -0.24082904681563377,
                2.4615506172180175,
                -0.13664251640439035
            ]
        }
    }
}