{
    "anchor_vid": "002",
    "obs": {
        "002": {
            "tri_ep_sph": null,
            "pw_ep_sph": null,
            "elev": 1.3962634015954636
        },
        "004": {
            "rel_sph": [
                0.026134884217754006,
                2.661617088317871,
                0.0031472091213800013
            ],
            "tri_ep_sph": [
                0.0949639230966568,
                2.6491079330444336,
                0.013722902163863182
            ],
            "pw_ep_sph": [
                0.0949639230966568,
                2.6491079330444336,
                0.013722902163863182
            ],
            "elev": 1.3264502315156905
        }
    }
}