{
    "anchor_vid": 11,
    "obs": {
        "11": {
            "img_path": "011.png",
            "sph": [
                1.3411312739661616,
                -2.766654217980824,
                4.0311288660906595
            ]
        },
        "1": {
            "img_path": "001.png",
            "pw_init_sph": [
                -0.02752656675875187,
                1.6813099384307861,
                0.04225725680589676
            ],
            "init_sph": [
                -0.02752656675875187,
                1.6813099384307861,
                0.04225725680589676
            ],
            "rel_sph": [
                0.05103992614895105,
                1.9550243854522704,
                0.03691827533766627
            ],
            "gt_rel_sph": [
                -0.005170640671003701,
                1.62207194637976,
                4.897617866816972e-08
            ]
        },
        "77": {
            "img_path": "077.png",
            "pw_init_sph": [
                -0.10959100723266602,
                4.8492960929870605,
                0.042004674673080444
            ],
            "init_sph": [
                -0.10959100723266602,
                4.8492960929870605,
                0.042004674673080444
            ],
            "rel_sph": [
                -0.17072314098477365,
                4.852311611175537,
                -0.009030731616076083
            ],
            "gt_rel_sph": [
                -0.08022006515117663,
                4.660640238484476,
                4.4321029513127996e-08
            ]
        },
        "65": {
            "img_path": "065.png",
            "pw_init_sph": [
                -0.2751234471797943,
                4.674703598022461,
                0.13202938437461853
            ],
            "init_sph": [
                -0.10840191692113876,
                3.8346383571624756,
                -0.13018272817134857
            ],
            "rel_sph": [
                -0.33333851397037506,
                3.5551733136177064,
                -0.04324825368821621
            ],
            "gt_rel_sph": [
                -0.08941289152659282,
                3.1252076299469818,
                5.913564837811691e-08
            ]
        }
    }
}