{
    "anchor_vid": 11,
    "obs": {
        "11": {
            "img_path": "011.png",
            "tri_init_sph": null,
            "pw_init_sph": null,
            "elev": 1.2566370614359172,
            "sph": [
                1.3411312739661616,
                -2.766654217980824,
                4.0311288660906595
            ]
        },
        "1": {
            "img_path": "001.png",
            "rel_sph": [
                -0.019610916613601148,
                1.8165136516094207,
                -0.02551577230915427
            ],
            "tri_init_sph": [
                -0.07911954075098038,
                1.6514506340026855,
                0.021789200603961945
            ],
            "pw_init_sph": [
                -0.07911954075098038,
                1.6514506340026855,
                0.021789200603961945
            ],
            "elev": 1.2740903539558606,
            "gt_rel_sph": [
                -0.005170640671003701,
                1.62207194637976,
                4.897617866816972e-08
            ]
        },
        "77": {
            "img_path": "077.png",
            "rel_sph": [
                -0.03009046958759427,
                4.877233719825744,
                -0.0692781738936901
            ],
            "tri_init_sph": [
                -0.09037750214338303,
                4.969734191894531,
                -0.08255624771118164
            ],
            "pw_init_sph": [
                -0.09037750214338303,
                4.969734191894531,
                -0.08255624771118164
            ],
            "elev": 1.1344640137963142,
            "gt_rel_sph": [
                -0.08022006515117663,
                4.660640238484476,
                4.4321029513127996e-08
            ]
        },
        "65": {
            "img_path": "065.png",
            "rel_sph": [
                -0.04749567937105894,
                3.0891371369361877,
                -0.09851910173892975
            ],
            "tri_init_sph": [
                -0.04120613634586334,
                3.2593133449554443,
                0.00732021126896143
            ],
            "pw_init_sph": [
                -0.04120613634586334,
                3.2593133449554443,
                0.00732021126896143
            ],
            "elev": 1.0995574287564276,
            "gt_rel_sph": [
                -0.08941289152659282,
                3.1252076299469818,
                5.913564837811691e-08
            ]
        }
    }
}