{
    "anchor_vid": "002",
    "obs": {
        "002": {
            "tri_ep_sph": null,
            "pw_ep_sph": null,
            "elev": 1.4660765716752369
        },
        "003": {
            "rel_sph": [
                -0.6796835452318192,
                2.9768973112106325,
                -0.1574322909116745
            ],
            "tri_ep_sph": [
                -0.6855247020721436,
                2.9974582195281982,
                -0.035696785897016525
            ],
            "pw_ep_sph": [
                -0.6855247020721436,
                2.9974582195281982,
                -0.035696785897016525
            ],
            "elev": 1.0122909661567112
        }
    }
}