{
    "anchor_vid": 63,
    "obs": {
        "63": {
            "img_path": "063.png",
            "sph": [
                1.26910120657902,
                -0.5848202608277306,
                4.031128819726085
            ]
        },
        "10": {
            "img_path": "010.png",
            "pw_init_sph": [
                0.060305096209049225,
                1.4927431344985962,
                0.03583936020731926
            ],
            "init_sph": [
                0.060305096209049225,
                1.4927431344985962,
                0.03583936020731926
            ],
            "rel_sph": [
                0.11370800100266934,
                1.5179904520511627,
                -0.007072063442319631
            ],
            "gt_rel_sph": [
                0.06796066119795752,
                1.7129044626546674,
                1.0267253980345004e-07
            ]
        },
        "82": {
            "img_path": "082.png",
            "pw_init_sph": [
                0.09876372665166855,
                3.8541791439056396,
                0.058410871773958206
            ],
            "init_sph": [
                0.09876372665166855,
                3.8541791439056396,
                0.058410871773958206
            ],
            "rel_sph": [
                0.1566196523606777,
                3.5143235325813293,
                -0.04226875137537718
            ],
            "gt_rel_sph": [
                0.011352527681063096,
                3.1225534521479887,
                -5.0018000408158514e-08
            ]
        },
        "1": {
            "img_path": "001.png",
            "pw_init_sph": [
                0.08803512901067734,
                4.758939743041992,
                -0.1532033085823059
            ],
            "init_sph": [
                0.08803512901067734,
                4.758939743041992,
                -0.1532033085823059
            ],
            "rel_sph": [
                0.13206051513552666,
                4.925570368766785,
                -0.07171719558537007
            ]
        }
    }
}