{
    "anchor_vid": 63,
    "obs": {
        "63": {
            "img_path": "063.png",
            "tri_init_sph": null,
            "pw_init_sph": null,
            "elev": 1.361356816555577,
            "sph": [
                1.26910120657902,
                -0.5848202608277306,
                4.031128819726085
            ]
        },
        "10": {
            "img_path": "010.png",
            "rel_sph": [
                -0.023166376212611795,
                1.78075932264328,
                -0.030214441288262606
            ],
            "tri_init_sph": [
                0.004631925839930773,
                1.7097117900848389,
                0.0045920079573988914
            ],
            "pw_init_sph": [
                0.004631925839930773,
                1.7097117900848389,
                0.0045920079573988914
            ],
            "elev": 1.3962634015954636,
            "gt_rel_sph": [
                0.06796066119795752,
                1.7129044626546674,
                1.0267253980345004e-07
            ]
        },
        "82": {
            "img_path": "082.png",
            "rel_sph": [
                0.12213124111294746,
                3.3198563694953918,
                -0.0998120702803135
            ],
            "tri_init_sph": [
                0.026969417929649353,
                3.165085792541504,
                -0.2554212510585785
            ],
            "pw_init_sph": [
                0.026969417929649353,
                3.165085792541504,
                -0.2554212510585785
            ],
            "elev": 1.4311699866353502,
            "gt_rel_sph": [
                0.011352527681063096,
                3.1225534521479887,
                -5.0018000408158514e-08
            ]
        },
        "1": {
            "img_path": "001.png",
            "rel_sph": [
                0.11760498881340027,
                4.544069623947143,
                -0.06480678785592317
            ],
            "tri_init_sph": [
                -0.036955006420612335,
                4.652215003967285,
                0.00544628594070673
            ],
            "pw_init_sph": [
                -0.036955006420612335,
                4.652215003967285,
                0.00544628594070673
            ],
            "elev": 1.3788101090755203,
            "gt_rel_sph": [
                0.059400144934866894,
                4.598616931781924,
                -4.810150411316272e-08
            ]
        }
    }
}