{
    "anchor_vid": 2,
    "obs": {
        "2": {
            "img_path": "002.png",
            "tri_init_sph": null,
            "pw_init_sph": null,
            "elev": 1.4486232791552935
        },
        "3": {
            "img_path": "003.png",
            "rel_sph": [
                -0.4104195535182953,
                -0.05814023893326521,
                0.04197351234033704
            ],
            "tri_init_sph": [
                -0.5130968689918518,
                -0.17888884246349335,
                0.12433695793151855
            ],
            "pw_init_sph": [
                -0.5130968689918518,
                -0.17888884246349335,
                0.12433695793151855
            ],
            "elev": 1.0471975511965976
        }
    }
}