{
    "anchor_vid": 2,
    "obs": {
        "2": {
            "img_path": "002.png"
        },
        "3": {
            "img_path": "003.png",
            "pw_init_sph": [
                -0.8362026810646057,
                2.9859087467193604,
                0.1534196138381958
            ],
            "init_sph": [
                -0.8362026810646057,
                2.9859087467193604,
                0.1534196138381958
            ],
            "rel_sph": [
                -0.593903586268425,
                2.9141364216804506,
                0.2010332927107811
            ]
        }
    }
}